{
    "P01": {
        "X": 64.32679,
        "Y": 4.368505,
        "Z": 103.2866
    },
    "P02": {
        "X": 59.67764,
        "Y": 0.2197428,
        "Z": 45.88708
    },
    "P03": {
        "X": 66.17027,
        "Y": 2.380887,
        "Z": 63.40122
    },
    "P04": {
        "X": 86.90157,
        "Y": 3.090573,
        "Z": 42.61825
    },
    "P05": {
        "X": 86.2963,
        "Y": 3.634342,
        "Z": 47.12281
    },
    "P06": {
        "X": 79.64406,
        "Y": 2.834473,
        "Z": 45.36103
    },
    "P07": {
        "X": 96.911,
        "Y": 4.252,
        "Z": 50.866
    },
    "P08": {
        "X": 101.1004,
        "Y": 2.692933,
        "Z": 41.43012
    },
    "P09": {
        "X": 101.6818,
        "Y": 2.679094,
        "Z": 38.74368
    },
    "P10": {
        "X": 106.5663,
        "Y": 3.0268,
        "Z": 52.24927
    },
    "P11": {
        "X": 110.5135,
        "Y": 3.075111,
        "Z": 53.33366
    },
    "P12": {
        "X": 116.8751,
        "Y": 2.559737,
        "Z": 53.75462
    },
    "P13": {
        "X": 116.2179,
        "Y": 2.416486,
        "Z": 59.3922
    },
    "P14": {
        "X": 107.2363,
        "Y": 3.544677,
        "Z": 75.75749
    },
    "P15": {
        "X": 104.5176,
        "Y": 3.114094,
        "Z": 75.31268
    },
    "P16": {
        "X": 109.6989,
        "Y": 3.872686,
        "Z": 87.93885
    },
    "P17": {
        "X": 116.6079,
        "Y": 4.222636,
        "Z": 78.92859
    },
    "P18": {
        "X": 133.7505,
        "Y": 0.443094,
        "Z": 116.4432
    },
    "P19": {
        "X": 130.8416,
        "Y": 1.155,
        "Z": 114.1314
    },
    "P20": {
        "X": 118.0872,
        "Y": 2.314477,
        "Z": 114.1904
    },
    "P21": {
        "X": 117.0649,
        "Y": 2.276186,
        "Z": 121.3662
    },
    "P22": {
        "X": 113.0353,
        "Y": 2.188612,
        "Z": 140.9725
    },
    "P23": {
        "X": 119.3133,
        "Y": 2.144684,
        "Z": 137.5118
    },
    "P24": {
        "X": 122.1585,
        "Y": 1.83599,
        "Z": 129.3293
    },
    "P25": {
        "X": 62.30981,
        "Y": 4.041198,
        "Z": 118.1394
    },
    "P26": {
        "X": 111.5938,
        "Y": 2.6792,
        "Z": 108.7283
    },
    "P27": {
        "X": 90.26396,
        "Y": 0.4498366,
        "Z": 72.84759
    },
    "P28": {
        "X": 116.4103,
        "Y": 3.619927,
        "Z": 92.64381
    },
    "P29": {
        "X": 90.28526,
        "Y": 5.651824,
        "Z": 106.0619
    },
    "P30": {
        "X": 114.03,
        "Y": 1.844211,
        "Z": 135.93
    },
    "P31": {
        "X": 115.6889,
        "Y": 1.906498,
        "Z": 134.9512
    },
    "P32": {
        "X": 104.3653,
        "Y": 0.4292719,
        "Z": 132.4057
    },
    "P33": {
        "X": 54.89148,
        "Y": 4.187196,
        "Z": 109.2432
    },
    "P34": {
        "X": 61.99939,
        "Y": 4.159595,
        "Z": 110.3737
    },
    "P35": {
        "X": 35.76441,
        "Y": 3.972343,
        "Z": 110.4948
    },
    "P36": {
        "X": 47.56867,
        "Y": 1.740065,
        "Z": 88.4662
    },
    "P37": {
        "X": 54.95284,
        "Y": 2.922776,
        "Z": 82.23959
    },
    "P38": {
        "X": 55.56727,
        "Y": 3.602227,
        "Z": 75.99015
    },
    "P39": {
        "X": 54.26735,
        "Y": 0.5458277,
        "Z": 42.35117
    },
    "P40": {
        "X": 48.561,
        "Y": 2.964,
        "Z": 42.1
    },
    "P41": {
        "X": 56.18778,
        "Y": 0.3214966,
        "Z": 52.10845
    },
    "P42": {
        "X": 57.66176,
        "Y": 0.4751663,
        "Z": 56.12006
    },
    "P43": {
        "X": 74.34601,
        "Y": 2.250752,
        "Z": 54.79863
    },
    "P44": {
        "X": 77.17696,
        "Y": 2.381554,
        "Z": 47.35762
    },
    "P45": {
        "X": 73.85615,
        "Y": 1.426647,
        "Z": 43.57442
    },
    "P46": {
        "X": 68.10363,
        "Y": 2.329959,
        "Z": 62.16293
    },
    "P47": {
        "X": 56.66114,
        "Y": 3.472053,
        "Z": 71.40797
    },
    "P48": {
        "X": 59.82961,
        "Y": 3.494528,
        "Z": 73.99438
    },
    "P49": {
        "X": 67.81609,
        "Y": 4.317554,
        "Z": 106.4576
    },
    "P50": {
        "X": 62.00638,
        "Y": 4.40828,
        "Z": 104.8584
    }
}